Job Link,Error Message,Timestamp
https://jobs.lever.co/gridmatic/91df21b7-9d76-47a1-a88e-35801f801d98?source=LinkedIn,"Message: 
Stacktrace:
	GetHandleVerifier [0x00690B43+25139]
	(No symbol) [0x006213F4]
	(No symbol) [0x005004E3]
	(No symbol) [0x005483D7]
	(No symbol) [0x0054872B]
	(No symbol) [0x00591002]
	(No symbol) [0x0056D014]
	(No symbol) [0x0058E778]
	(No symbol) [0x0056CDC6]
	(No symbol) [0x0053BDE9]
	(No symbol) [0x0053D124]
	GetHandleVerifier [0x00994373+3185251]
	GetHandleVerifier [0x009B291A+3309578]
	GetHandleVerifier [0x009ACF42+3286578]
	GetHandleVerifier [0x00727AE0+643536]
	(No symbol) [0x0062A20D]
	(No symbol) [0x006270B8]
	(No symbol) [0x00627257]
	(No symbol) [0x00619E00]
	BaseThreadInitThunk [0x75ED5D49+25]
	RtlInitializeExceptionChain [0x7748CDEB+107]
	RtlGetAppContainerNamedObjectPath [0x7748CD71+561]
",2025-02-28 23:39:29
https://jobs.lever.co/gridmatic/91df21b7-9d76-47a1-a88e-35801f801d98?source=LinkedIn,"Message: 
Stacktrace:
	GetHandleVerifier [0x00FA0B43+25139]
	(No symbol) [0x00F313F4]
	(No symbol) [0x00E104E3]
	(No symbol) [0x00E583D7]
	(No symbol) [0x00E5872B]
	(No symbol) [0x00EA1002]
	(No symbol) [0x00E7D014]
	(No symbol) [0x00E9E778]
	(No symbol) [0x00E7CDC6]
	(No symbol) [0x00E4BDE9]
	(No symbol) [0x00E4D124]
	GetHandleVerifier [0x012A4373+3185251]
	GetHandleVerifier [0x012C291A+3309578]
	GetHandleVerifier [0x012BCF42+3286578]
	GetHandleVerifier [0x01037AE0+643536]
	(No symbol) [0x00F3A20D]
	(No symbol) [0x00F370B8]
	(No symbol) [0x00F37257]
	(No symbol) [0x00F29E00]
	BaseThreadInitThunk [0x75ED5D49+25]
	RtlInitializeExceptionChain [0x7748CDEB+107]
	RtlGetAppContainerNamedObjectPath [0x7748CD71+561]
",2025-02-28 23:52:18
https://jobs.lever.co/gridmatic/91df21b7-9d76-47a1-a88e-35801f801d98?source=LinkedIn,"Message: 
Stacktrace:
	GetHandleVerifier [0x00FA0B43+25139]
	(No symbol) [0x00F313F4]
	(No symbol) [0x00E104E3]
	(No symbol) [0x00E583D7]
	(No symbol) [0x00E5872B]
	(No symbol) [0x00EA1002]
	(No symbol) [0x00E7D014]
	(No symbol) [0x00E9E778]
	(No symbol) [0x00E7CDC6]
	(No symbol) [0x00E4BDE9]
	(No symbol) [0x00E4D124]
	GetHandleVerifier [0x012A4373+3185251]
	GetHandleVerifier [0x012C291A+3309578]
	GetHandleVerifier [0x012BCF42+3286578]
	GetHandleVerifier [0x01037AE0+643536]
	(No symbol) [0x00F3A20D]
	(No symbol) [0x00F370B8]
	(No symbol) [0x00F37257]
	(No symbol) [0x00F29E00]
	BaseThreadInitThunk [0x75ED5D49+25]
	RtlInitializeExceptionChain [0x7748CDEB+107]
	RtlGetAppContainerNamedObjectPath [0x7748CD71+561]
",2025-02-28 23:52:57
https://jobs.lever.co/gridmatic/91df21b7-9d76-47a1-a88e-35801f801d98?source=LinkedIn,"Message: 
Stacktrace:
	GetHandleVerifier [0x00FA0B43+25139]
	(No symbol) [0x00F313F4]
	(No symbol) [0x00E104E3]
	(No symbol) [0x00E583D7]
	(No symbol) [0x00E5872B]
	(No symbol) [0x00EA1002]
	(No symbol) [0x00E7D014]
	(No symbol) [0x00E9E778]
	(No symbol) [0x00E7CDC6]
	(No symbol) [0x00E4BDE9]
	(No symbol) [0x00E4D124]
	GetHandleVerifier [0x012A4373+3185251]
	GetHandleVerifier [0x012C291A+3309578]
	GetHandleVerifier [0x012BCF42+3286578]
	GetHandleVerifier [0x01037AE0+643536]
	(No symbol) [0x00F3A20D]
	(No symbol) [0x00F370B8]
	(No symbol) [0x00F37257]
	(No symbol) [0x00F29E00]
	BaseThreadInitThunk [0x75ED5D49+25]
	RtlInitializeExceptionChain [0x7748CDEB+107]
	RtlGetAppContainerNamedObjectPath [0x7748CD71+561]
",2025-02-28 23:53:25
https://jobs.lever.co/gridmatic/91df21b7-9d76-47a1-a88e-35801f801d98?source=LinkedIn,"Message: 
Stacktrace:
	GetHandleVerifier [0x00660B43+25139]
	(No symbol) [0x005F13F4]
	(No symbol) [0x004D04E3]
	(No symbol) [0x005183D7]
	(No symbol) [0x0051872B]
	(No symbol) [0x00561002]
	(No symbol) [0x0053D014]
	(No symbol) [0x0055E778]
	(No symbol) [0x0053CDC6]
	(No symbol) [0x0050BDE9]
	(No symbol) [0x0050D124]
	GetHandleVerifier [0x00964373+3185251]
	GetHandleVerifier [0x0098291A+3309578]
	GetHandleVerifier [0x0097CF42+3286578]
	GetHandleVerifier [0x006F7AE0+643536]
	(No symbol) [0x005FA20D]
	(No symbol) [0x005F70B8]
	(No symbol) [0x005F7257]
	(No symbol) [0x005E9E00]
	BaseThreadInitThunk [0x75ED5D49+25]
	RtlInitializeExceptionChain [0x7748CDEB+107]
	RtlGetAppContainerNamedObjectPath [0x7748CD71+561]
",2025-03-01 00:10:49
https://jobs.lever.co/gridmatic/91df21b7-9d76-47a1-a88e-35801f801d98?source=LinkedIn,"Message: 
Stacktrace:
	GetHandleVerifier [0x00660B43+25139]
	(No symbol) [0x005F13F4]
	(No symbol) [0x004D04E3]
	(No symbol) [0x005183D7]
	(No symbol) [0x0051872B]
	(No symbol) [0x00561002]
	(No symbol) [0x0053D014]
	(No symbol) [0x0055E778]
	(No symbol) [0x0053CDC6]
	(No symbol) [0x0050BDE9]
	(No symbol) [0x0050D124]
	GetHandleVerifier [0x00964373+3185251]
	GetHandleVerifier [0x0098291A+3309578]
	GetHandleVerifier [0x0097CF42+3286578]
	GetHandleVerifier [0x006F7AE0+643536]
	(No symbol) [0x005FA20D]
	(No symbol) [0x005F70B8]
	(No symbol) [0x005F7257]
	(No symbol) [0x005E9E00]
	BaseThreadInitThunk [0x75ED5D49+25]
	RtlInitializeExceptionChain [0x7748CDEB+107]
	RtlGetAppContainerNamedObjectPath [0x7748CD71+561]
",2025-03-01 00:11:27
https://jobs.lever.co/gridmatic/91df21b7-9d76-47a1-a88e-35801f801d98?source=LinkedIn,"Message: 
Stacktrace:
	GetHandleVerifier [0x00660B43+25139]
	(No symbol) [0x005F13F4]
	(No symbol) [0x004D04E3]
	(No symbol) [0x005183D7]
	(No symbol) [0x0051872B]
	(No symbol) [0x00561002]
	(No symbol) [0x0053D014]
	(No symbol) [0x0055E778]
	(No symbol) [0x0053CDC6]
	(No symbol) [0x0050BDE9]
	(No symbol) [0x0050D124]
	GetHandleVerifier [0x00964373+3185251]
	GetHandleVerifier [0x0098291A+3309578]
	GetHandleVerifier [0x0097CF42+3286578]
	GetHandleVerifier [0x006F7AE0+643536]
	(No symbol) [0x005FA20D]
	(No symbol) [0x005F70B8]
	(No symbol) [0x005F7257]
	(No symbol) [0x005E9E00]
	BaseThreadInitThunk [0x75ED5D49+25]
	RtlInitializeExceptionChain [0x7748CDEB+107]
	RtlGetAppContainerNamedObjectPath [0x7748CD71+561]
",2025-03-01 00:12:10
https://jobs.lever.co/gridmatic/91df21b7-9d76-47a1-a88e-35801f801d98?source=LinkedIn,"Message: 
Stacktrace:
	GetHandleVerifier [0x00710B43+25139]
	(No symbol) [0x006A13F4]
	(No symbol) [0x005804E3]
	(No symbol) [0x005C83D7]
	(No symbol) [0x005C872B]
	(No symbol) [0x00611002]
	(No symbol) [0x005ED014]
	(No symbol) [0x0060E778]
	(No symbol) [0x005ECDC6]
	(No symbol) [0x005BBDE9]
	(No symbol) [0x005BD124]
	GetHandleVerifier [0x00A14373+3185251]
	GetHandleVerifier [0x00A3291A+3309578]
	GetHandleVerifier [0x00A2CF42+3286578]
	GetHandleVerifier [0x007A7AE0+643536]
	(No symbol) [0x006AA20D]
	(No symbol) [0x006A70B8]
	(No symbol) [0x006A7257]
	(No symbol) [0x00699E00]
	BaseThreadInitThunk [0x75ED5D49+25]
	RtlInitializeExceptionChain [0x7748CDEB+107]
	RtlGetAppContainerNamedObjectPath [0x7748CD71+561]
",2025-03-01 00:15:11
https://jobs.lever.co/gridmatic/91df21b7-9d76-47a1-a88e-35801f801d98?source=LinkedIn,"Message: 
Stacktrace:
	GetHandleVerifier [0x00710B43+25139]
	(No symbol) [0x006A13F4]
	(No symbol) [0x005804E3]
	(No symbol) [0x005C83D7]
	(No symbol) [0x005C872B]
	(No symbol) [0x00611002]
	(No symbol) [0x005ED014]
	(No symbol) [0x0060E778]
	(No symbol) [0x005ECDC6]
	(No symbol) [0x005BBDE9]
	(No symbol) [0x005BD124]
	GetHandleVerifier [0x00A14373+3185251]
	GetHandleVerifier [0x00A3291A+3309578]
	GetHandleVerifier [0x00A2CF42+3286578]
	GetHandleVerifier [0x007A7AE0+643536]
	(No symbol) [0x006AA20D]
	(No symbol) [0x006A70B8]
	(No symbol) [0x006A7257]
	(No symbol) [0x00699E00]
	BaseThreadInitThunk [0x75ED5D49+25]
	RtlInitializeExceptionChain [0x7748CDEB+107]
	RtlGetAppContainerNamedObjectPath [0x7748CD71+561]
",2025-03-01 00:15:52
